quarter,gross_salary,tds_deducted,tds_deposited
Q1,324999.0,23629.800000000003,23629.800000000003
Q2,0.0,0.0,0.0
Q3,0.0,0.0,0.0
Q4,0.0,0.0,0.0
