quarter,gross_salary,tds_deducted,tds_deposited
Q1,433332.0,49194.600000000006,49194.600000000006
Q2,0.0,0.0,0.0
Q3,0.0,0.0,0.0
Q4,0.0,0.0,0.0
